,num_variables,activation_function,absorption_criterion,ascent_stop_criterion,stopping_criterion_type,step_type,max_iterations,direction_type,initial_ascent_type,gamma,theta,f_value,binary,t_hmip,t_cplex,f_cplex,t_cplex_relax,f_cplex_relax
0,2,pwl,,0.01,gradient,classic,500,classic,binary_neutral_ascent,0.9,0.01,-1.7617925785269548,0.0,0.005721345078200102,0.020177555037662387,-1.7617925785269548,0.028971911990083754,-1.7617925785269548
1,2,pwl,,0.01,gradient,classic,500,classic,binary_neutral_ascent,0.9,0.01,0.026501880022894365,0.22999024226666162,0.05454582103993744,0.01955226296558976,0.0,0.02852330496534705,0.0
2,2,pwl,,0.01,gradient,classic,500,classic,binary_neutral_ascent,0.9,0.01,0.0,0.0,0.004964766907505691,0.015279953018762171,0.0,0.028238048078492284,0.0
3,2,pwl,,0.01,gradient,classic,500,classic,binary_neutral_ascent,0.9,0.01,-0.040962434086366004,0.23755433539902573,0.02142566000111401,0.020885277073830366,0.0,0.028192261001095176,-0.040962434086366045
4,2,pwl,,0.01,gradient,classic,500,classic,binary_neutral_ascent,0.9,0.01,0.0,0.0,0.0023810970596969128,0.014781475067138672,0.0,0.027124751009978354,0.0
5,2,pwl,,0.01,gradient,classic,500,classic,binary_neutral_ascent,0.9,0.01,-0.10983356126904661,0.3887311686178522,0.009177825995720923,0.023376284982077777,-0.10983356127007164,0.027155807940289378,-0.10983356127007164
6,2,pwl,,0.01,gradient,classic,500,classic,binary_neutral_ascent,0.9,0.01,-0.023241200859406015,0.19259730397421115,0.05486876599024981,0.021173864020965993,-4.825439068950963e-07,0.032370927976444364,-0.023293173892135893
7,2,pwl,,0.01,gradient,classic,500,classic,binary_neutral_ascent,0.9,0.01,0.0,0.0,0.0057541109854355454,0.01558611006475985,0.0,0.02888515603262931,0.0
8,2,pwl,,0.01,gradient,classic,500,classic,binary_neutral_ascent,0.9,0.01,0.01032710778507057,0.24716910385860877,0.05331603100057691,0.020085291005671024,0.0,0.02960519806947559,0.0
9,2,pwl,,0.01,gradient,classic,500,classic,binary_neutral_ascent,0.9,0.01,-0.8157784528911027,0.24908508685622027,0.006846830016002059,0.016611053026281297,-0.8157784528912111,0.030162126990035176,-0.8157784528912111
10,4,pwl,,0.01,gradient,classic,500,classic,binary_neutral_ascent,0.9,0.01,-1.3186226027626367,0.0,0.02877292805351317,0.10392861894797534,-1.3186226027626367,0.028936238028109074,-1.3186225934577747
11,4,pwl,,0.01,gradient,classic,500,classic,binary_neutral_ascent,0.9,0.01,-1.056181295771152,0.2494506861752343,0.04678582004271448,0.013028627028688788,-1.0667531420850842,0.024846686981618404,-1.0667531353925772
12,4,pwl,,0.01,gradient,classic,500,classic,binary_neutral_ascent,0.9,0.01,-3.7276271528367353,0.0,0.04547789297066629,0.014900442911311984,-3.7276271528367353,0.03869551501702517,-3.7276271458712578
13,4,pwl,,0.01,gradient,classic,500,classic,binary_neutral_ascent,0.9,0.01,-1.0268905021639478,0.24124057539975344,0.05069584306329489,0.015180801041424274,-1.02957605880617,0.03842542099300772,-1.0295760548515334
14,4,pwl,,0.01,gradient,classic,500,classic,binary_neutral_ascent,0.9,0.01,-1.236553796140561,0.0,0.011773065896704793,0.014879968948662281,-1.236553796140561,0.038855041028000414,-1.2365537912018136
15,4,pwl,,0.01,gradient,classic,500,classic,binary_neutral_ascent,0.9,0.01,-1.058036758968788,0.3717437432020805,0.049970383988693357,0.01691787806339562,-1.27531509476015,0.03800885297823697,-1.2753150892763112
16,4,pwl,,0.01,gradient,classic,500,classic,binary_neutral_ascent,0.9,0.01,-3.1722415815385165,0.2380878105764269,0.04830682708416134,0.015377130941487849,-3.197366636005011,0.039739137049764395,-3.1973666296190704
17,4,pwl,,0.01,gradient,classic,500,classic,binary_neutral_ascent,0.9,0.01,-2.4401846520653274,0.31188042579310105,0.050228671985678375,0.014905162039212883,-2.508394932039641,0.03923808806575835,-2.514110461139151
18,4,pwl,,0.01,gradient,classic,500,classic,binary_neutral_ascent,0.9,0.01,-7.3311506048570685,0.49734657772481244,0.052356070023961365,0.015627120970748365,-7.431043067611166,0.04012316698208451,-7.4310430563814585
19,4,pwl,,0.01,gradient,classic,500,classic,binary_neutral_ascent,0.9,0.01,-1.409809582012969,0.0,0.022153210011310875,0.015382975921966136,-1.409809582012969,0.03787861904129386,-1.4098095759540317
20,10,pwl,,0.01,gradient,classic,500,classic,binary_neutral_ascent,0.9,0.01,-8.931412114355222,0.37326694885547906,0.055943321087397635,0.016269293962977827,-9.0210893233908,0.02579739096108824,-9.021089320454692
21,10,pwl,,0.01,gradient,classic,500,classic,binary_neutral_ascent,0.9,0.01,-4.081569344358906,0.694497891395544,0.05862854502629489,0.0306537679862231,-4.119947656586388,0.027741092024371028,-4.124422734317319
22,10,pwl,,0.01,gradient,classic,500,classic,binary_neutral_ascent,0.9,0.01,-0.7561930931402749,0.5829513466745442,0.05247098195832223,0.016405801055952907,-0.8760772155133585,0.03821344603784382,-0.8760772150355414
23,10,pwl,,0.01,gradient,classic,500,classic,binary_neutral_ascent,0.9,0.01,-4.188870959122052,0.7982303703245756,0.05519839492626488,0.01476518006529659,-4.356325540758726,0.036674214992672205,-4.356325528899434
24,10,pwl,,0.01,gradient,classic,500,classic,binary_neutral_ascent,0.9,0.01,-7.54940690236151,0.5959119686879397,0.05578563502058387,0.01509218302089721,-7.726568103299376,0.03872943704482168,-7.734435530077896
25,10,pwl,,0.01,gradient,classic,500,classic,binary_neutral_ascent,0.9,0.01,-6.789721162779321,0.310578123798736,0.055114257032983005,0.014190841931849718,-6.839919113571337,0.03665253904182464,-6.8399190986352805
26,10,pwl,,0.01,gradient,classic,500,classic,binary_neutral_ascent,0.9,0.01,-3.969840667515369,0.5343713083305779,0.05407353106420487,0.023499156930483878,-4.155178448093374,0.032046681037172675,-4.155178448093374
27,10,pwl,,0.01,gradient,classic,500,classic,binary_neutral_ascent,0.9,0.01,0.4098284811744765,0.6025013409112269,0.05496569804381579,0.015555335092358291,0.0,0.035141839063726366,4.0699140078766215e-09
28,10,pwl,,0.01,gradient,classic,500,classic,binary_neutral_ascent,0.9,0.01,-0.5296512012894661,0.3391710462964717,0.05145895795430988,0.02513112500309944,-0.6389561338339721,0.03344851394649595,-0.6389561338339721
29,10,pwl,,0.01,gradient,classic,500,classic,binary_neutral_ascent,0.9,0.01,-14.217276662315909,1.4234735104600957,0.053152746986597776,0.028822302003391087,-14.806458824269807,0.029206210048869252,-14.806458820853045
30,100,pwl,,0.01,gradient,classic,500,classic,binary_neutral_ascent,0.9,0.01,-157.23593047604288,5.17446715425983,0.3141435219440609,0.13062943704426289,-160.90805687858617,0.14375437702983618,-160.9210840596378
31,100,pwl,,0.01,gradient,classic,500,classic,binary_neutral_ascent,0.9,0.01,-120.0457706163731,4.3577744552549955,0.3075190659146756,0.15143320395145565,-122.91751257992239,0.14276455796789378,-123.00652711016352
32,100,pwl,,0.01,gradient,classic,500,classic,binary_neutral_ascent,0.9,0.01,-24.261055832237584,4.281932437532241,0.3016420369967818,0.1272550830617547,-30.21892546219743,0.14258057007100433,-30.220081548088853
33,100,pwl,,0.01,gradient,classic,500,classic,binary_neutral_ascent,0.9,0.01,-234.79907643619416,3.7755918422203454,0.32131796900648624,0.12316134397406131,-238.63898584436194,0.14974217710550874,-238.64127639796254
34,100,pwl,,0.01,gradient,classic,500,classic,binary_neutral_ascent,0.9,0.01,-15.620962372814118,2.4503726001941386,0.13653129001613706,0.1287739989347756,-18.808538188631662,0.14065332000609487,-18.80889758212011
35,100,pwl,,0.01,gradient,classic,500,classic,binary_neutral_ascent,0.9,0.01,-210.2344220009993,3.8743217166993684,0.30449776898603886,0.1297871300484985,-213.73622435833678,0.1346082560485229,-213.76460261615597
36,100,pwl,,0.01,gradient,classic,500,classic,binary_neutral_ascent,0.9,0.01,-64.82280395812138,3.5307762913270953,0.300068300915882,0.122570764971897,-69.28616502988052,0.1474012859398499,-69.28616502523873
37,100,pwl,,0.01,gradient,classic,500,classic,binary_neutral_ascent,0.9,0.01,-329.05408647399577,4.274029539755854,0.31049356900621206,0.13239148806314915,-334.09488937456155,0.13872828893363476,-334.0948893465331
38,100,pwl,,0.01,gradient,classic,500,classic,binary_neutral_ascent,0.9,0.01,-438.390211707609,4.033970906517961,0.3115406589349732,0.13277376198675483,-444.43906959660353,0.13700406707357615,-444.4597258391159
39,100,pwl,,0.01,gradient,classic,500,classic,binary_neutral_ascent,0.9,0.01,-43.32011182084301,5.327118408509068,0.31106647104024887,0.1319455070188269,-48.469067473105675,0.13573965802788734,-48.49440620483923
40,500,pwl,,0.01,gradient,classic,500,classic,binary_neutral_ascent,0.9,0.01,-2567.2076089803827,24.98955556838139,1.0842196990270168,0.3322059380589053,-2633.280328256799,0.3742996910586953,-2633.425850171914
41,500,pwl,,0.01,gradient,classic,500,classic,binary_neutral_ascent,0.9,0.01,-4611.146157458731,15.044003511634465,1.0642007159767672,0.2290773990098387,-4671.460314885419,0.3664335730718449,-4671.460307900387
42,500,pwl,,0.01,gradient,classic,500,classic,binary_neutral_ascent,0.9,0.01,-4026.598749980592,19.543607345883245,1.1005933289416134,0.26840404397808015,-4102.529204680155,0.36913335998542607,-4102.60714547124
43,500,pwl,,0.01,gradient,classic,500,classic,binary_neutral_ascent,0.9,0.01,-467.93152424637316,21.15676264333228,1.0012164009967819,0.26770874892827123,-529.7841848484451,0.39631101896520704,-529.8569873415352
44,500,pwl,,0.01,gradient,classic,500,classic,binary_neutral_ascent,0.9,0.01,-368.4570612715607,20.996692304825025,0.998526643961668,0.23940982797648758,-439.4724907080193,0.39252974500413984,-439.47466291745366
45,500,pwl,,0.01,gradient,classic,500,classic,binary_neutral_ascent,0.9,0.01,-2238.99693484162,21.855431594545422,1.0992465580347925,0.24577247095294297,-2298.37957197364,0.3674318849807605,-2298.519132250969
46,500,pwl,,0.01,gradient,classic,500,classic,binary_neutral_ascent,0.9,0.01,-3078.8103521220673,22.919571256057985,1.0801381570054218,0.25493505399208516,-3151.417682044932,0.3668936239555478,-3151.4474047015756
47,500,pwl,,0.01,gradient,classic,500,classic,binary_neutral_ascent,0.9,0.01,-441.24014173233206,19.42308434686033,1.0199156620074064,0.29497591801919043,-502.3894078061895,0.369060232071206,-502.4993720234398
48,500,pwl,,0.01,gradient,classic,500,classic,binary_neutral_ascent,0.9,0.01,-1139.0606770494344,24.982563934875486,1.064095264999196,0.2782419150462374,-1204.5757868579083,0.37694221804849803,-1204.5796842019004
49,500,pwl,,0.01,gradient,classic,500,classic,binary_neutral_ascent,0.9,0.01,-4573.173850487869,18.962450319456792,1.1115869220811874,0.2839524820446968,-4654.725639027805,0.3729477919405326,-4654.775772261228
50,1000,pwl,,0.01,gradient,classic,500,classic,binary_neutral_ascent,0.9,0.01,-2285.249146439799,38.47958488751999,1.9379784989869222,0.9019061599392444,-2428.8633121236576,1.5734530800255015,-2428.9707100716882
51,1000,pwl,,0.01,gradient,classic,500,classic,binary_neutral_ascent,0.9,0.01,-2257.981496376668,44.3313457641906,1.961169911082834,0.8335582779254764,-2432.7718929577004,1.5240694349631667,-2432.7950313850997
52,1000,pwl,,0.01,gradient,classic,500,classic,binary_neutral_ascent,0.9,0.01,-8138.960663356181,39.24374370574449,1.9550363710150123,0.8496431770035997,-8319.651119200737,1.5780491749756038,-8319.723426576524
53,1000,pwl,,0.01,gradient,classic,500,classic,binary_neutral_ascent,0.9,0.01,-3018.8878307356563,43.6482021881729,1.8917319549946114,0.8933874969370663,-3185.4724698201817,1.5276331680361181,-3185.6022294524414
54,1000,pwl,,0.01,gradient,classic,500,classic,binary_neutral_ascent,0.9,0.01,-5311.826597334338,44.18267716693663,2.016878204070963,0.9512983150780201,-5479.776911581968,1.4947824589908123,-5479.916114683271
55,1000,pwl,,0.01,gradient,classic,500,classic,binary_neutral_ascent,0.9,0.01,-5292.963187563359,46.77924849124447,1.9820908110123128,0.8148599880514666,-5477.50636036467,1.5471186420181766,-5477.571510613912
56,1000,pwl,,0.01,gradient,classic,500,classic,binary_neutral_ascent,0.9,0.01,-19713.277886086966,19.221877142701977,1.9886873250361532,0.8753319749375805,-19888.070200650385,1.5383096669102088,-19888.110615748537
57,1000,pwl,,0.01,gradient,classic,500,classic,binary_neutral_ascent,0.9,0.01,-2055.192290184016,44.431397612373395,2.0131081219296902,0.9264894060324878,-2244.678633726615,1.5421616460662335,-2244.7702318667743
58,1000,pwl,,0.01,gradient,classic,500,classic,binary_neutral_ascent,0.9,0.01,-15596.241334974386,28.514049382541188,1.9834592980332673,0.8912239630008116,-15805.691778358754,1.509571983013302,-15805.947396753481
59,1000,pwl,,0.01,gradient,classic,500,classic,binary_neutral_ascent,0.9,0.01,-5090.656639939826,43.473671716083494,1.9185500589665025,0.8430663009639829,-5255.197702147607,1.5799858120735735,-5255.307670624855
60,5000,pwl,,0.01,gradient,classic,500,classic,binary_neutral_ascent,0.9,0.01,-115161.80570212213,186.3476610999346,11.714337017969228,59.31666118197609,-117565.37419775201,64.88034937402699,-117568.69288534556
61,5000,pwl,,0.01,gradient,classic,500,classic,binary_neutral_ascent,0.9,0.01,-158661.43098612517,160.76136846216667,11.776514035998844,60.04906213399954,-161259.75564601007,64.98951310897246,-161260.93918725656
62,5000,pwl,,0.01,gradient,classic,500,classic,binary_neutral_ascent,0.9,0.01,-44541.27083795015,218.48789283102394,11.403995816013776,57.68659795098938,-46632.34881373537,64.43360113899689,-46635.45278418656
63,5000,pwl,,0.01,gradient,classic,500,classic,binary_neutral_ascent,0.9,0.01,-39513.544446109154,226.71780530577266,11.384834702941589,58.23312137799803,-41643.17585532433,65.31829076004215,-41646.892581093445
64,5000,pwl,,0.01,gradient,classic,500,classic,binary_neutral_ascent,0.9,0.01,-84423.26500063513,216.23482549990135,11.659132758970372,58.53467802610248,-86767.2945065309,64.83527723199222,-86769.254972103
65,5000,pwl,,0.01,gradient,classic,500,classic,binary_neutral_ascent,0.9,0.01,-126141.89710740742,189.61014098379053,11.761575410026126,59.69166295498144,-128720.24268400006,64.6515877150232,-128722.60671439677
66,5000,pwl,,0.01,gradient,classic,500,classic,binary_neutral_ascent,0.9,0.01,-71910.78924165768,224.30690940983,11.869926761020906,57.76305574097205,-74162.70349040207,64.43407177610788,-74165.40638781345
67,5000,pwl,,0.01,gradient,classic,500,classic,binary_neutral_ascent,0.9,0.01,-18009.26090842521,212.76280226081647,11.18430217099376,58.95018551603425,-20347.95659778578,64.69586809305474,-20348.481323643475
68,5000,pwl,,0.01,gradient,classic,500,classic,binary_neutral_ascent,0.9,0.01,570.1275692954267,110.46050932071043,10.347054602927528,59.31098212499637,-1644.6971444901521,64.45712890499271,-1644.7538058452799
69,5000,pwl,,0.01,gradient,classic,500,classic,binary_neutral_ascent,0.9,0.01,-46124.179051819505,218.05156779916388,11.655776498955674,58.133413561969064,-48201.42073435357,64.41384316107724,-48204.44416827965
70,10000,pwl,,0.01,gradient,classic,500,classic,binary_neutral_ascent,0.9,0.01,-582428.8058674982,224.48119845581772,28.573392219026573,429.72326364403125,-588906.7347492224,422.5697042309912,-588907.5634519493
71,10000,pwl,,0.01,gradient,classic,500,classic,binary_neutral_ascent,0.9,0.01,-203336.268758771,428.76122301358976,27.94226099003572,419.342223135056,-209792.48894044093,419.97206243802793,-209798.1317860186
72,10000,pwl,,0.01,gradient,classic,500,classic,binary_neutral_ascent,0.9,0.01,-123473.42630157118,448.1087453805708,27.385255936998874,417.6190289449878,-129604.60731088687,432.687488088035,-129611.90354275165
73,10000,pwl,,0.01,gradient,classic,500,classic,binary_neutral_ascent,0.9,0.01,-100747.75983367057,411.30207053081665,27.084640022017993,422.6493629280012,-106341.38595415065,437.3639198100427,-106347.30775534283
74,10000,pwl,,0.01,gradient,classic,500,classic,binary_neutral_ascent,0.9,0.01,-8937.44643165094,329.2916352688402,25.80083088693209,431.44798325689044,-16288.403997628833,434.6137860950548,-16288.545471607425
75,10000,pwl,,0.01,gradient,classic,500,classic,binary_neutral_ascent,0.9,0.01,-33069.7712005694,407.8793558181236,26.45212597004138,426.74892871803604,-40445.18574602859,437.1170334860217,-40445.26124244183
76,10000,pwl,,0.01,gradient,classic,500,classic,binary_neutral_ascent,0.9,0.01,-45199.43688578144,410.2028727969961,27.28735478501767,417.9720556490356,-51983.68468277536,432.56613318808377,-51988.4851450955
77,10000,pwl,,0.01,gradient,classic,500,classic,binary_neutral_ascent,0.9,0.01,-16190.778873257896,355.4047470056564,26.10835263004992,425.15034318796825,-23522.059705398435,433.9211932000471,-23524.147579575423
78,10000,pwl,,0.01,gradient,classic,500,classic,binary_neutral_ascent,0.9,0.01,-136933.36949415103,432.1865904109043,27.491329067968763,413.15584324498195,-142805.29811973884,430.90938436810393,-142809.23293103202
79,10000,pwl,,0.01,gradient,classic,500,classic,binary_neutral_ascent,0.9,0.01,-64128.94919433428,431.56723348745976,26.90433706296608,419.98465567606036,-70636.43885502857,432.58759110595565,-70640.3576876552
80,2,tanh,,0.01,gradient,classic,500,classic,binary_neutral_ascent,0.9,0.01,1.2027768890575858,0.012309151243074247,0.045314279035665095,0.03034807904623449,0.0,0.020941082970239222,0.0
81,2,tanh,,0.01,gradient,classic,500,classic,binary_neutral_ascent,0.9,0.01,-1.2552967423773278,0.038229152192313744,0.04355704609770328,0.02419882093090564,-1.268299828649331,0.03232934500556439,-1.268299828649331
82,2,tanh,,0.01,gradient,classic,500,classic,binary_neutral_ascent,0.9,0.01,-0.7920313211392138,0.004610439586852355,0.042431518086232245,0.015322553925216198,-0.7936418308078119,0.04150349798146635,-0.7936418242777155
83,2,tanh,,0.01,gradient,classic,500,classic,binary_neutral_ascent,0.9,0.01,-0.026112022860414946,0.19771974709806378,0.053786332020536065,0.015195111045613885,-0.026339777831946503,0.02937196905259043,-0.026339777831946503
84,2,tanh,,0.01,gradient,classic,500,classic,binary_neutral_ascent,0.9,0.01,-0.008492004777263362,0.011965596048563355,0.054105025017634034,0.015010182978585362,-0.6230215859094734,0.027755098999477923,-0.6230215859094734
85,2,tanh,,0.01,gradient,classic,500,classic,binary_neutral_ascent,0.9,0.01,-1.022930664443807,0.024354115121738112,0.05214542697649449,0.01499896205496043,-1.0266516180166658,0.03011749091092497,-1.0266516180166658
86,2,tanh,,0.01,gradient,classic,500,classic,binary_neutral_ascent,0.9,0.01,-0.8509796832949257,0.005236830213519355,0.04272400098852813,0.028834842960350215,-0.8544819972310613,0.03603974694851786,-0.8544819972310613
87,2,tanh,,0.01,gradient,classic,500,classic,binary_neutral_ascent,0.9,0.01,-0.17717424271787544,0.22938642458785918,0.05256548093166202,0.01489933393895626,-0.17721103496011312,0.027788531966507435,-0.17721103496011312
88,2,tanh,,0.01,gradient,classic,500,classic,binary_neutral_ascent,0.9,0.01,-0.009144902654279122,0.012242524374846058,0.0452065069694072,0.014902028953656554,-0.7072649159221231,0.04174470610450953,-0.7072649085966964
89,2,tanh,,0.01,gradient,classic,500,classic,binary_neutral_ascent,0.9,0.01,-0.2953292248704412,0.017389194699161878,0.05340771202463657,0.015254213009029627,-0.29690397189038653,0.029974890989251435,-0.29690397189038653
90,4,tanh,,0.01,gradient,classic,500,classic,binary_neutral_ascent,0.9,0.01,-0.799297711763862,0.17584193695333256,0.044927106937393546,0.015366142033599317,-2.5951844487598996,0.04042004095390439,-2.595184443600714
91,4,tanh,,0.01,gradient,classic,500,classic,binary_neutral_ascent,0.9,0.01,-3.137703647252373,0.4244167966570771,0.04446019500028342,0.026517577935010195,-3.241417845563385,0.03642702603247017,-3.241417845563385
92,4,tanh,,0.01,gradient,classic,500,classic,binary_neutral_ascent,0.9,0.01,3.0214807444847813,0.03231394411667146,0.04576054902281612,0.01540884596761316,-1.0800455997333154,0.037923510069958866,-1.0800455925119765
93,4,tanh,,0.01,gradient,classic,500,classic,binary_neutral_ascent,0.9,0.01,0.24884614821808576,0.06941351884970784,0.05179743398912251,0.01455062092281878,-1.4477394766533696,0.038200711947865784,-1.4477394717999275
94,4,tanh,,0.01,gradient,classic,500,classic,binary_neutral_ascent,0.9,0.01,1.4128886422772733,0.20310617046904916,0.04728644201532006,0.015089196036569774,-1.2774326543013725,0.037351423990912735,-1.2774326469002104
95,4,tanh,,0.01,gradient,classic,500,classic,binary_neutral_ascent,0.9,0.01,-1.283401312608265,0.2965984048260239,0.04741593892686069,0.025217856047675014,-1.2891730792076324,0.034756890963763,-1.2891730792076324
96,4,tanh,,0.01,gradient,classic,500,classic,binary_neutral_ascent,0.9,0.01,5.518808966058804,0.03360855286771636,0.048684069071896374,0.014257812988944352,-1.8331190947539597,0.03871414402965456,-1.8331190870968153
97,4,tanh,,0.01,gradient,classic,500,classic,binary_neutral_ascent,0.9,0.01,-2.9858155309563434,0.2257855227700443,0.04855331708677113,0.015729445032775402,-3.5345613275797545,0.04091393994167447,-3.5345613209410036
98,4,tanh,,0.01,gradient,classic,500,classic,binary_neutral_ascent,0.9,0.01,1.9916901711467738,0.032818122082057914,0.04423345299437642,0.014816728886216879,0.0,0.03993539803195745,9.925736354393669e-10
99,4,tanh,,0.01,gradient,classic,500,classic,binary_neutral_ascent,0.9,0.01,-0.15228090179117193,0.47656526427561496,0.049357954994775355,0.04996794799808413,-0.7135870119289993,0.027614651946350932,-0.7135870096779324
100,10,tanh,,0.01,gradient,classic,500,classic,binary_neutral_ascent,0.9,0.01,1.1358642721735113,0.2553725309175706,0.0450740399537608,0.015974525944329798,-4.390218862622642,0.04358750907704234,-4.390218846204957
101,10,tanh,,0.01,gradient,classic,500,classic,binary_neutral_ascent,0.9,0.01,-1.8331096191926273,0.23306971719907485,0.04946911707520485,0.030289084068499506,-8.356734874395949,0.029698673053644598,-8.356734859050354
102,10,tanh,,0.01,gradient,classic,500,classic,binary_neutral_ascent,0.9,0.01,3.8805230497932084,0.4515167809851012,0.050440977909602225,0.015938688069581985,-6.653730654221977,0.036593322991393507,-6.689006350557069
103,10,tanh,,0.01,gradient,classic,500,classic,binary_neutral_ascent,0.9,0.01,4.193877667113752,0.18488617126302948,0.04977311193943024,0.014895793050527573,-1.7334478320155038,0.03867139003705233,-1.733447828554395
104,10,tanh,,0.01,gradient,classic,500,classic,binary_neutral_ascent,0.9,0.01,9.791041549258916,0.09079550450396454,0.05134222796186805,0.015303945983760059,0.0,0.03627609193790704,3.1251444914165987e-09
105,10,tanh,,0.01,gradient,classic,500,classic,binary_neutral_ascent,0.9,0.01,-2.176957374414358,0.3209473969100605,0.04906447697430849,0.033376357052475214,-10.327940194780242,0.029983797925524414,-10.327940186404714
106,10,tanh,,0.01,gradient,classic,500,classic,binary_neutral_ascent,0.9,0.01,9.217834436880256,0.10877782079631103,0.04944656102452427,0.015222853049635887,-3.2847743566625747,0.03749653906561434,-3.284774354523919
107,10,tanh,,0.01,gradient,classic,500,classic,binary_neutral_ascent,0.9,0.01,2.798757400799256,0.2624834535483418,0.049480580957606435,0.020694752922281623,-5.645987260616856,0.03608367603737861,-5.645987256136967
108,10,tanh,,0.01,gradient,classic,500,classic,binary_neutral_ascent,0.9,0.01,8.777820233603794,0.4704389747816271,0.05201649200171232,0.015432410989888012,-2.6187896375756305,0.03767647105269134,-2.6187896319443427
109,10,tanh,,0.01,gradient,classic,500,classic,binary_neutral_ascent,0.9,0.01,0.5116232330588999,0.6757425652651088,0.04887942399363965,0.02848579501733184,-4.490866709728692,0.03134178894106299,-4.490866695183782
110,100,tanh,,0.01,gradient,classic,500,classic,binary_neutral_ascent,0.9,0.01,-87.80108248785886,2.9188380900648503,0.16373268503230065,0.12736159202177078,-314.1800903217026,0.13797716796398163,-314.18009015789096
111,100,tanh,,0.01,gradient,classic,500,classic,binary_neutral_ascent,0.9,0.01,125.71042332519202,2.3976670835135936,0.09062439005356282,0.12776209495496005,-77.97981702206148,0.151737947948277,-77.97981698465009
112,100,tanh,,0.01,gradient,classic,500,classic,binary_neutral_ascent,0.9,0.01,26.762784942138737,3.3021203071886878,0.1570255149854347,0.12623511196579784,-199.27789775958624,0.13546027801930904,-199.32055584732592
113,100,tanh,,0.01,gradient,classic,500,classic,binary_neutral_ascent,0.9,0.01,165.08228502847365,2.4023616722391044,0.17093517794273794,0.12486455193720758,-58.27002757855814,0.14385878201574087,-58.287122683308986
114,100,tanh,,0.01,gradient,classic,500,classic,binary_neutral_ascent,0.9,0.01,162.52023833558437,3.0539951595782817,0.17994136095512658,0.13166846602689475,-22.205012015025098,0.14652964810375124,-22.205012007617476
115,100,tanh,,0.01,gradient,classic,500,classic,binary_neutral_ascent,0.9,0.01,319.5190611534167,1.8550077620304666,0.08253576594870538,0.1261690880637616,-15.95230716014755,0.14438678394071758,-15.952307130299468
116,100,tanh,,0.01,gradient,classic,500,classic,binary_neutral_ascent,0.9,0.01,-32.61058261923658,2.957427042529102,0.16657252900768071,0.12860072206240147,-260.077821330735,0.1411475749919191,-260.09760704084744
117,100,tanh,,0.01,gradient,classic,500,classic,binary_neutral_ascent,0.9,0.01,170.9345275300594,3.083028089864064,0.08646091399714351,0.13099427695851773,-56.1285934932339,0.13896386104170233,-56.170159916566185
118,100,tanh,,0.01,gradient,classic,500,classic,binary_neutral_ascent,0.9,0.01,-15.815075291916404,3.581267420398712,0.15483161399606615,0.152664246968925,-198.68481699319034,0.12855004600714892,-198.77463247676388
119,100,tanh,,0.01,gradient,classic,500,classic,binary_neutral_ascent,0.9,0.01,152.47955656784632,3.8865509697632934,0.16252603300381452,0.1269977999618277,-48.72826365278539,0.1399221799802035,-48.80178057587008
120,500,tanh,,0.01,gradient,classic,500,classic,binary_neutral_ascent,0.9,0.01,-1017.9952621981952,13.357267335514464,0.4113932850304991,0.2583112010033801,-3665.1840345267833,0.3702123099938035,-3665.1961903827464
121,500,tanh,,0.01,gradient,classic,500,classic,binary_neutral_ascent,0.9,0.01,-447.44722112150185,15.985488252604146,0.41843119799159467,0.27545822295360267,-2742.346626071261,0.3692042260663584,-2742.4707893385516
122,500,tanh,,0.01,gradient,classic,500,classic,binary_neutral_ascent,0.9,0.01,-835.8312435041553,15.960519956075078,0.41594808793161064,0.2710896439384669,-3179.8788405596824,0.3608341020299122,-3179.989229195291
123,500,tanh,,0.01,gradient,classic,500,classic,binary_neutral_ascent,0.9,0.01,2682.8911780731123,12.82503270523917,0.42610973899718374,0.2826568720629439,-241.95158548244623,0.3882949970429763,-242.00630725441127
124,500,tanh,,0.01,gradient,classic,500,classic,binary_neutral_ascent,0.9,0.01,666.8278785042957,13.928304731161383,0.40631711191963404,0.25228720100130886,-1592.4309656237456,0.39410348795354366,-1592.5076380524508
125,500,tanh,,0.01,gradient,classic,500,classic,binary_neutral_ascent,0.9,0.01,1314.9127085132225,16.308721334082623,0.42920069105457515,0.2558619149494916,-989.3837681392367,0.38047999306581914,-989.507655628073
126,500,tanh,,0.01,gradient,classic,500,classic,binary_neutral_ascent,0.9,0.01,1513.2788586572299,11.972877684209795,0.41056207101792097,0.27755400899332017,-865.1619845490138,0.38104749796912074,-865.274754367083
127,500,tanh,,0.01,gradient,classic,500,classic,binary_neutral_ascent,0.9,0.01,3427.6367107841156,12.153690764045798,0.41361407400108874,0.25932617799844593,-152.75371220538736,0.3768113299738616,-152.7923587877734
128,500,tanh,,0.01,gradient,classic,500,classic,binary_neutral_ascent,0.9,0.01,3301.8547083932913,10.289543979732784,0.4045990500599146,0.2841485149692744,-176.64765125731975,0.3720201140968129,-176.64765094877055
129,500,tanh,,0.01,gradient,classic,500,classic,binary_neutral_ascent,0.9,0.01,2387.3381313661416,13.695826777940825,0.42166249197907746,0.27910465199965984,-393.39922589487776,0.3826327259885147,-393.4109816423325
130,1000,tanh,,0.01,gradient,classic,500,classic,binary_neutral_ascent,0.9,0.01,-5226.317208206642,18.59221450785877,0.6880052980268374,0.9257395890308544,-17137.835767820598,1.5247511899797246,-17138.317600919952
131,1000,tanh,,0.01,gradient,classic,500,classic,binary_neutral_ascent,0.9,0.01,2113.8118720694647,28.077603564208992,0.6864572069607675,0.9292098329169676,-3449.025124027859,1.5409721640171483,-3449.1248903084343
132,1000,tanh,,0.01,gradient,classic,500,classic,binary_neutral_ascent,0.9,0.01,7376.185313650189,25.251574878592102,0.7008662630105391,0.8909312159521505,-1012.9670847593986,1.56056295405142,-1013.0171841429138
133,1000,tanh,,0.01,gradient,classic,500,classic,binary_neutral_ascent,0.9,0.01,-2218.911689714297,24.46212406018115,0.6843671899987385,0.8900266620330513,-9775.885328204718,1.5273819499416277,-9776.684925025782
134,1000,tanh,,0.01,gradient,classic,500,classic,binary_neutral_ascent,0.9,0.01,5909.505696519629,27.920077832198977,0.7133012880804017,0.8717255899682641,-1330.9612660446974,1.5271984009305015,-1331.067295830771
135,1000,tanh,,0.01,gradient,classic,500,classic,binary_neutral_ascent,0.9,0.01,-734.951338341921,27.246198055789314,0.7419517090311274,0.8121022129198536,-7771.862315202461,1.5203109770081937,-7771.922647782593
136,1000,tanh,,0.01,gradient,classic,500,classic,binary_neutral_ascent,0.9,0.01,-3222.532469056537,25.102676575185402,0.7077233259333298,0.903474280028604,-12045.077641354997,1.5571355739375576,-12045.251361820932
137,1000,tanh,,0.01,gradient,classic,500,classic,binary_neutral_ascent,0.9,0.01,-1258.2014692946302,25.45492571562618,0.6724708949914202,0.8298547350568697,-8621.65386967483,1.514650476980023,-8621.737179446589
138,1000,tanh,,0.01,gradient,classic,500,classic,binary_neutral_ascent,0.9,0.01,6912.236954883344,25.18629386468789,1.061753827962093,0.9106764839962125,-900.209840096864,1.572827321011573,-900.2412218543888
139,1000,tanh,,0.01,gradient,classic,500,classic,binary_neutral_ascent,0.9,0.01,-3330.3564611360985,23.08313323775836,0.5275942370062694,0.9439543180633336,-12050.788244288125,1.5146982680307701,-12051.204723652228
140,5000,tanh,,0.01,gradient,classic,500,classic,binary_neutral_ascent,0.9,0.01,-41910.08291913007,109.6743135717816,5.032765367999673,58.12059353105724,-156179.3559391191,61.585313615971245,-156180.73877533842
141,5000,tanh,,0.01,gradient,classic,500,classic,binary_neutral_ascent,0.9,0.01,52652.29858084659,131.18184702611262,5.1193449719576165,57.379903995082714,-21127.881298426735,61.74762087594718,-21128.04024626831
142,5000,tanh,,0.01,gradient,classic,500,classic,binary_neutral_ascent,0.9,0.01,34031.68839466168,131.26636162302438,5.1214744300814345,56.1198910420062,-33166.32035390694,61.166774078970775,-33166.60818276787
143,5000,tanh,,0.01,gradient,classic,500,classic,binary_neutral_ascent,0.9,0.01,25143.492155932938,129.46636958380066,5.007232575910166,57.0223108070204,-43140.39453470309,61.75800311996136,-43144.49941184891
144,5000,tanh,,0.01,gradient,classic,500,classic,binary_neutral_ascent,0.9,0.01,17460.90601948605,138.75274057971336,5.173601211048663,57.01255978597328,-46274.023647507085,60.91188707796391,-46277.855211999915
145,5000,tanh,,0.01,gradient,classic,500,classic,binary_neutral_ascent,0.9,0.01,-57326.73950291048,94.6260804112712,5.078187472070567,58.189985495992005,-187809.99731861916,61.6570807780372,-187811.15244954024
146,5000,tanh,,0.01,gradient,classic,500,classic,binary_neutral_ascent,0.9,0.01,143951.3784920783,85.88982373026789,4.984378578956239,58.23850757593755,-2075.976878601624,63.40114533493761,-2075.9952346148407
147,5000,tanh,,0.01,gradient,classic,500,classic,binary_neutral_ascent,0.9,0.01,24741.67104247875,130.8299520449709,5.12117354106158,57.05464588908944,-42815.17560974404,61.24060835200362,-42815.29688476606
148,5000,tanh,,0.01,gradient,classic,500,classic,binary_neutral_ascent,0.9,0.01,28349.12744786909,136.0506712756893,5.0508705410175025,56.747487768065184,-39560.37700554034,61.16657442098949,-39560.57412615251
149,5000,tanh,,0.01,gradient,classic,500,classic,binary_neutral_ascent,0.9,0.01,-34593.320340233426,114.18740966628535,4.998040894977748,57.203102341038175,-135161.77970870756,61.55305873590987,-135163.15590596123
150,10000,tanh,,0.01,gradient,classic,500,classic,binary_neutral_ascent,0.9,0.01,280132.0341117936,224.20223853743684,15.233188997022808,422.66998654499184,-19587.450461991462,435.6887244239915,-19587.643942613362
151,10000,tanh,,0.01,gradient,classic,500,classic,binary_neutral_ascent,0.9,0.01,-12515.065173241474,258.52372290189743,14.939344985061325,416.35541673598345,-209542.35522798638,419.816816167091,-209548.0389902916
152,10000,tanh,,0.01,gradient,classic,500,classic,binary_neutral_ascent,0.9,0.01,-110787.65039650284,214.37415743397756,14.908870434970595,431.4294124719454,-421994.6818825049,422.23354781302623,-421996.8305391592
153,10000,tanh,,0.01,gradient,classic,500,classic,binary_neutral_ascent,0.9,0.01,62901.804350334576,259.1167376977017,14.959462441969663,414.5386334670475,-120884.6539763289,434.31607476598583,-120890.11704639485
154,10000,tanh,,0.01,gradient,classic,500,classic,binary_neutral_ascent,0.9,0.01,45210.75961761866,255.4308474839973,15.09368856891524,417.9645762499422,-142133.05293252564,434.2987766090082,-142137.81397202142
155,10000,tanh,,0.01,gradient,classic,500,classic,binary_neutral_ascent,0.9,0.01,398986.5884294368,176.8837461081213,14.756799394031987,434.47134994808584,-6476.950566605913,433.82604918291327,-6477.012980861571
156,10000,tanh,,0.01,gradient,classic,500,classic,binary_neutral_ascent,0.9,0.01,-193824.06951676158,159.33165305064108,15.116416524979286,435.21579108398873,-626459.2800010439,419.9080379289808,-626460.0569163223
157,10000,tanh,,0.01,gradient,classic,500,classic,binary_neutral_ascent,0.9,0.01,37204.45817137237,266.0879642736055,14.9744967459701,412.69684731098823,-142136.96759337655,434.6428110060515,-142143.0318342277
158,10000,tanh,,0.01,gradient,classic,500,classic,binary_neutral_ascent,0.9,0.01,-85754.24256571002,240.26499300742663,16.440850124927238,432.7582388430601,-344142.5333458429,419.2856464210199,-344144.9587596482
159,10000,tanh,,0.01,gradient,classic,500,classic,binary_neutral_ascent,0.9,0.01,92530.78979885766,265.88550683886604,15.088867060025223,413.8352748239413,-97336.56763780257,432.18196699698456,-97343.25838214059
160,2,pwl,,0.01,gradient,classic,500,binary,binary_neutral_ascent,0.9,0.01,0.0,0.0,0.007369336090050638,0.029411657014861703,0.0,0.021100134938023984,0.0
161,2,pwl,,0.01,gradient,classic,500,binary,binary_neutral_ascent,0.9,0.01,2.137896507821055e-05,0.009620295973859732,0.056500623002648354,0.01904599298723042,1.1720360355626535e-09,0.021761297015473247,1.1720360355626535e-09
162,2,pwl,,0.01,gradient,classic,500,binary,binary_neutral_ascent,0.9,0.01,-0.3478672002590453,0.0,0.0057952950010076165,0.015804194030351937,-0.3478672002590453,0.041030038963072,-0.34786719439130737
163,2,pwl,,0.01,gradient,classic,500,binary,binary_neutral_ascent,0.9,0.01,-0.37504631797423377,0.0,0.010455117095261812,0.04041438305284828,-0.37504631797423377,0.02997735992539674,-0.37504631797423377
164,2,pwl,,0.01,gradient,classic,500,binary,binary_neutral_ascent,0.9,0.01,-0.8086790189037143,0.0,0.0022099739871919155,0.016799536999315023,-0.8086790189037143,0.04275610006880015,-0.8086790117724925
165,2,pwl,,0.01,gradient,classic,500,binary,binary_neutral_ascent,0.9,0.01,0.00010126273856628527,0.015996787411469496,0.0760216839844361,0.01813509501516819,0.0,0.030946578015573323,0.0
166,2,pwl,,0.01,gradient,classic,500,binary,binary_neutral_ascent,0.9,0.01,-7.139521783655467e-05,0.0216507885890471,0.06486139306798577,0.03144127607811242,-7.14041743801513e-05,0.03653509099967778,-7.14041743801513e-05
167,2,pwl,,0.01,gradient,classic,500,binary,binary_neutral_ascent,0.9,0.01,-0.15609242432585102,0.2432066482667886,0.0106936200754717,0.01617125200573355,-0.15609242432585133,0.029493913054466248,-0.15609242432585133
168,2,pwl,,0.01,gradient,classic,500,binary,binary_neutral_ascent,0.9,0.01,0.0,0.0,0.009346236009150743,0.02016643702518195,0.0,0.028914607013575733,0.0
169,2,pwl,,0.01,gradient,classic,500,binary,binary_neutral_ascent,0.9,0.01,0.0,0.0,0.0286006189417094,0.021926693036220968,0.0,0.02804005704820156,-0.11580065693071638
170,4,pwl,,0.01,gradient,classic,500,binary,binary_neutral_ascent,0.9,0.01,-1.2104809257061784,0.0,0.006959057063795626,0.01599322201218456,-1.2104809257061784,0.042926557012833655,-1.210480919678912
171,4,pwl,,0.01,gradient,classic,500,binary,binary_neutral_ascent,0.9,0.01,-0.16418838156439966,0.4979652279762924,0.07186906901188195,0.03582745301537216,-0.17777777731207767,0.0344009620603174,-0.1777777746874966
172,4,pwl,,0.01,gradient,classic,500,binary,binary_neutral_ascent,0.9,0.01,-0.030133424203420512,0.20920673749064447,0.010628344025462866,0.016356830019503832,0.0,0.03863798396196216,-0.03420871361821111
173,4,pwl,,0.01,gradient,classic,500,binary,binary_neutral_ascent,0.9,0.01,-1.0364750238721956,0.24512513313962328,0.06796606804709882,0.019417066010646522,-1.040228013679832,0.03988855506759137,-1.040228009249591
174,4,pwl,,0.01,gradient,classic,500,binary,binary_neutral_ascent,0.9,0.01,0.009531553503601364,0.15004784377805014,0.0711021659662947,0.016196266980841756,-0.0006085729866987448,0.039845830062404275,-0.0006085721541627955
175,4,pwl,,0.01,gradient,classic,500,binary,binary_neutral_ascent,0.9,0.01,-1.120576676604431,0.22718199379198503,0.07301498600281775,0.016524960985407233,-1.1207108438810132,0.03936365502886474,-1.120710840089326
176,4,pwl,,0.01,gradient,classic,500,binary,binary_neutral_ascent,0.9,0.01,-0.592155975123787,0.24716835910592197,0.017693896079435945,0.015262681990861893,-0.5921559751243953,0.037105004070326686,-0.592155969297018
177,4,pwl,,0.01,gradient,classic,500,binary,binary_neutral_ascent,0.9,0.01,-2.899860730659796,0.11396279735484706,0.07029546797275543,0.027183042955584824,-2.923953673189086,0.034332004957832396,-2.923953673189086
178,4,pwl,,0.01,gradient,classic,500,binary,binary_neutral_ascent,0.9,0.01,-0.20237306543558145,0.2313792045273347,0.07075417297892272,0.015049344045110047,-0.5044029830937296,0.03735789202619344,-0.5044029766852541
179,4,pwl,,0.01,gradient,classic,500,binary,binary_neutral_ascent,0.9,0.01,-0.8484310437709586,0.0,0.05606388300657272,0.025143027072772384,-0.848431037281578,0.03326887893490493,-0.848431037281578
180,10,pwl,,0.01,gradient,classic,500,binary,binary_neutral_ascent,0.9,0.01,-1.0301890430256717,0.48697395855770315,0.07063398498576134,0.015979007934220135,-1.194525264936086,0.03322581702377647,-1.194525259450654
181,10,pwl,,0.01,gradient,classic,500,binary,binary_neutral_ascent,0.9,0.01,-2.74271216950433,0.7065582442615538,0.07080256706103683,0.035464849905110896,-2.8445365540725427,0.02776477497536689,-2.8445365484114604
182,10,pwl,,0.01,gradient,classic,500,binary,binary_neutral_ascent,0.9,0.01,-2.510652172566065,0.5568671728229941,0.08126424299553037,0.029364835005253553,-2.5798738036482174,0.02976636099629104,-2.58972771237909
183,10,pwl,,0.01,gradient,classic,500,binary,binary_neutral_ascent,0.9,0.01,-1.4333799698226486,0.9755596831705953,0.08556486002635211,0.015617658966220915,-1.7054438712065538,0.03786584094632417,-1.7054438633507996
184,10,pwl,,0.01,gradient,classic,500,binary,binary_neutral_ascent,0.9,0.01,-0.06529943677117164,0.7409278216250264,0.07475093705579638,0.025397327030077577,-0.2532657579482638,0.034626608015969396,-0.2532657579482638
185,10,pwl,,0.01,gradient,classic,500,binary,binary_neutral_ascent,0.9,0.01,-0.9912625385272711,0.24920879649126632,0.07970699004363269,0.019382497994229198,-0.9953381840646625,0.03678056609351188,-0.9953381807247846
186,10,pwl,,0.01,gradient,classic,500,binary,binary_neutral_ascent,0.9,0.01,-22.093621813873067,1.059995598566763,0.08112366800196469,0.015370795037597418,-23.1658292276384,0.037125400034710765,-23.165829218132405
187,10,pwl,,0.01,gradient,classic,500,binary,binary_neutral_ascent,0.9,0.01,-1.4169418931795943,0.4511148949831306,0.08045038708951324,0.017448760103434324,-1.4894285147790007,0.038052396033890545,-1.4894285136953869
188,10,pwl,,0.01,gradient,classic,500,binary,binary_neutral_ascent,0.9,0.01,-17.37484948419476,0.14425226329184618,0.08154900697991252,0.015864880988374352,-17.43754864652633,0.034549051080830395,-17.437548586968354
189,10,pwl,,0.01,gradient,classic,500,binary,binary_neutral_ascent,0.9,0.01,-0.8432762298995427,0.4955751337810974,0.07009713002480567,0.0159758310765028,-0.9826714268444714,0.03342468093615025,-0.9826714245209156
190,100,pwl,,0.01,gradient,classic,500,binary,binary_neutral_ascent,0.9,0.01,-77.25794531139174,5.365022561142277,0.2673468280117959,0.16872660093940794,-82.69288370583729,0.10086879599839449,-82.75404372794095
191,100,pwl,,0.01,gradient,classic,500,binary,binary_neutral_ascent,0.9,0.01,-487.52995903117494,2.779611499723352,0.2125667609507218,0.12553445796947926,-492.7126054757628,0.12531619402579963,-492.7126050300162
192,100,pwl,,0.01,gradient,classic,500,binary,binary_neutral_ascent,0.9,0.01,-554.8269603467775,2.5558277291800993,0.4446636140346527,0.1317348040174693,-559.4123207522454,0.13736892503220588,-559.4123203453312
193,100,pwl,,0.01,gradient,classic,500,binary,binary_neutral_ascent,0.9,0.01,-276.6517040402574,4.249235376365162,0.43650130997411907,0.12752049299888313,-282.09148620615383,0.13493215094786137,-282.1420588300837
194,100,pwl,,0.01,gradient,classic,500,binary,binary_neutral_ascent,0.9,0.01,-53.33731513970112,4.503146886409501,0.4180282949237153,0.12906649394426495,-58.663235875919526,0.14072810590732843,-58.664884913516666
195,100,pwl,,0.01,gradient,classic,500,binary,binary_neutral_ascent,0.9,0.01,-8.622426540368007,2.8741460076882346,0.4063206600258127,0.1327070950064808,-13.854824903569407,0.13819268299266696,-13.855118629882181
196,100,pwl,,0.01,gradient,classic,500,binary,binary_neutral_ascent,0.9,0.01,-19.486695190190602,3.493547964197275,0.4068121360614896,0.1286344979889691,-23.941175503097856,0.1445920600090176,-23.941175495054374
197,100,pwl,,0.01,gradient,classic,500,binary,binary_neutral_ascent,0.9,0.01,-177.25527428374897,4.853095795674734,0.4348022759659216,0.13181040098425,-181.75690546089533,0.13611595600377768,-181.7685554138129
198,100,pwl,,0.01,gradient,classic,500,binary,binary_neutral_ascent,0.9,0.01,-67.31132732881595,5.074941638544462,0.20300803403370082,0.1237778429640457,-74.0077128692703,0.14016331208404154,-74.03139652417711
199,100,pwl,,0.01,gradient,classic,500,binary,binary_neutral_ascent,0.9,0.01,-391.29550789798236,2.5433371163584226,0.4388275550445542,0.143983532092534,-394.52423462550325,0.13397560105659068,-394.57482570927124
200,500,pwl,,0.01,gradient,classic,500,binary,binary_neutral_ascent,0.9,0.01,-48.35722628283841,14.986256799112276,1.352052237954922,0.22539956599939615,-128.60010410581603,0.37781482900027186,-128.61787562174226
201,500,pwl,,0.01,gradient,classic,500,binary,binary_neutral_ascent,0.9,0.01,-637.5382259867813,26.938564524831584,1.4418797719990835,0.34011388604994863,-713.4609782099335,0.39573331794235855,-713.6121462282074
202,500,pwl,,0.01,gradient,classic,500,binary,binary_neutral_ascent,0.9,0.01,-1803.9177582743807,22.41868505920823,1.4502182139549404,0.31399593700189143,-1860.8064465751158,0.3741974859731272,-1860.8525522328107
203,500,pwl,,0.01,gradient,classic,500,binary,binary_neutral_ascent,0.9,0.01,-2283.032627798949,23.64193064896321,1.5175352119840682,0.3060393499908969,-2343.8267464753467,0.3906611140118912,-2343.840853584273
204,500,pwl,,0.01,gradient,classic,500,binary,binary_neutral_ascent,0.9,0.01,-1095.5062080231387,21.882014406024524,1.492758019012399,0.3053154310910031,-1151.8276402121594,0.38383355201222,-1151.8714547251416
205,500,pwl,,0.01,gradient,classic,500,binary,binary_neutral_ascent,0.9,0.01,-177.71103216585283,20.900907062874808,1.3448935489868745,0.2710340400226414,-267.9196415010673,0.3731876239180565,-267.91964146761137
206,500,pwl,,0.01,gradient,classic,500,binary,binary_neutral_ascent,0.9,0.01,-582.0935756714786,20.45862943775203,1.4280874410178512,0.29335341695696115,-645.3013498035426,0.36495983600616455,-645.4568226337003
207,500,pwl,,0.01,gradient,classic,500,binary,binary_neutral_ascent,0.9,0.01,-122.47990744354087,15.757895301590647,1.3783137029968202,0.22462497802916914,-195.52318557843137,0.37397963111288846,-195.5311269160752
208,500,pwl,,0.01,gradient,classic,500,binary,binary_neutral_ascent,0.9,0.01,-2961.7076592999915,23.467629665903168,1.5083119480405003,0.27019609697163105,-3037.3342707984875,0.3936882099369541,-3037.3908196693483
209,500,pwl,,0.01,gradient,classic,500,binary,binary_neutral_ascent,0.9,0.01,-1826.1538678163174,20.140350712258993,1.514624257106334,0.28154239198192954,-1877.4582517436947,0.3675843139644712,-1877.49612124849
210,1000,pwl,,0.01,gradient,classic,500,binary,binary_neutral_ascent,0.9,0.01,-6990.9213503358105,41.89191458322928,2.5178207990247756,0.8768730630399659,-7165.4945579228115,1.5180744989775121,-7165.5302314587425
211,1000,pwl,,0.01,gradient,classic,500,binary,binary_neutral_ascent,0.9,0.01,-8295.332961673214,41.19045533140338,2.738984517985955,0.8088271090527996,-8490.055528846637,1.5168479969725013,-8490.057982683917
212,1000,pwl,,0.01,gradient,classic,500,binary,binary_neutral_ascent,0.9,0.01,-4917.013337674175,50.228706631089636,2.718289969023317,0.9429030109895393,-5119.505378482514,1.5222263539908454,-5119.581668152736
213,1000,pwl,,0.01,gradient,classic,500,binary,binary_neutral_ascent,0.9,0.01,-8283.286817542048,40.313484902155274,2.7718395970296115,0.8269738960079849,-8475.516698199906,1.4621389330131933,-8475.613662891612
214,1000,pwl,,0.01,gradient,classic,500,binary,binary_neutral_ascent,0.9,0.01,-175.37359966672548,28.00165514784953,2.3900606599636376,0.8096744229551405,-376.0426825069118,1.5804812679998577,-376.07409772833455
215,1000,pwl,,0.01,gradient,classic,500,binary,binary_neutral_ascent,0.9,0.01,-8736.275845180338,40.1555111215569,2.779655481921509,0.8216884300345555,-8930.868051866904,1.5412464160472155,-8930.978412229502
216,1000,pwl,,0.01,gradient,classic,500,binary,binary_neutral_ascent,0.9,0.01,-11403.487902489944,36.64745339956545,2.8234687730437145,0.879949958063662,-11605.127201083562,1.521277557942085,-11605.14636255723
217,1000,pwl,,0.01,gradient,classic,500,binary,binary_neutral_ascent,0.9,0.01,-2448.390953559702,44.11670618137788,2.6191988319624215,0.894961187033914,-2621.3747436012954,1.547863305080682,-2621.4673965834363
218,1000,pwl,,0.01,gradient,classic,500,binary,binary_neutral_ascent,0.9,0.01,-4827.255709435761,39.013876728554095,2.6795271469745785,0.8436903710244223,-4983.5495749352,1.5327945990720764,-4983.90400486361
219,1000,pwl,,0.01,gradient,classic,500,binary,binary_neutral_ascent,0.9,0.01,-129.247424018599,28.032695235267234,2.3808587040985003,0.8329910420579836,-321.8694108797961,1.6009309359360486,-321.9413984811784
220,5000,pwl,,0.01,gradient,classic,500,binary,binary_neutral_ascent,0.9,0.01,-21369.08783685135,209.4663989372695,14.192212383961305,57.51316291000694,-23631.92445910839,61.687261198996566,-23634.14438001363
221,5000,pwl,,0.01,gradient,classic,500,binary,binary_neutral_ascent,0.9,0.01,-137499.89316322553,182.24165581447676,15.19847479602322,57.76932055002544,-140154.75797365158,61.62078776897397,-140156.53714872073
222,5000,pwl,,0.01,gradient,classic,500,binary,binary_neutral_ascent,0.9,0.01,-93267.54363759143,207.89988636980286,15.192850426887162,57.23885905696079,-95636.82720037928,61.77643770095892,-95640.23739658995
223,5000,pwl,,0.01,gradient,classic,500,binary,binary_neutral_ascent,0.9,0.01,-24013.841740559485,212.88208762566165,14.323950781021267,57.15711652196478,-26296.530693449928,61.67096263705753,-26296.976643345104
224,5000,pwl,,0.01,gradient,classic,500,binary,binary_neutral_ascent,0.9,0.01,-57782.52761438243,215.52681354570962,14.934785265941173,57.3952391599305,-59862.01181049699,61.584075423073955,-59866.530524199436
225,5000,pwl,,0.01,gradient,classic,500,binary,binary_neutral_ascent,0.9,0.01,-3194.993388999589,172.22016643092786,13.59654015302658,58.13832162797917,-5860.403241721113,63.41294737299904,-5860.51008466704
226,5000,pwl,,0.01,gradient,classic,500,binary,binary_neutral_ascent,0.9,0.01,-7260.378866422208,187.18856736978375,13.593264544964768,57.703147221007384,-9767.87950505817,63.35079854296055,-9768.071773947386
227,5000,pwl,,0.01,gradient,classic,500,binary,binary_neutral_ascent,0.9,0.01,-1377.9984720073342,142.02550886590598,13.731454948079772,57.579121349030174,-3813.868600223964,61.139547751052305,-3813.8707428173034
228,5000,pwl,,0.01,gradient,classic,500,binary,binary_neutral_ascent,0.9,0.01,-31043.163224459306,223.66505020198338,14.63664419297129,56.77868436696008,-33231.66877565689,61.76163946010638,-33231.89038682359
229,5000,pwl,,0.01,gradient,classic,500,binary,binary_neutral_ascent,0.9,0.01,-139564.65597690805,165.71862882352767,15.316403968958184,57.2872004279634,-141954.38711008328,61.13044346298557,-141956.62307051124
230,10000,pwl,,0.01,gradient,classic,500,binary,binary_neutral_ascent,0.9,0.01,1813.509979298933,223.11966054473476,30.453008465003222,428.0701763780089,-4661.237479578211,432.35394523700234,-4661.387092666927
